timestamp,account_id,firm,action,price_y,units_y,price_x,units_x,pnl_usd,equity,progress_pct,status
2026-09-30 18:48:12,FN_Stellar_A,FundedNext_Stellar_15k,OPEN_SHORT,2676.18,-1.681501,83928.16,0.062809,0.0,15000.0,0.0,ACTIVE
2026-09-30 18:48:12,FN_Stellar_A,FundedNext_Stellar_15k,CLOSE_SHORT,2641.31,-1.681501,83241.98,0.062809,15.54,15015.54,1.0,ACTIVE
2026-09-30 18:48:12,FN_Stellar_A,FundedNext_Stellar_15k,OPEN_SHORT,2696.12,-1.670794,84388.71,0.057404,0.0,15015.54,1.0,ACTIVE
2026-09-30 18:48:12,FN_Stellar_A,FundedNext_Stellar_15k,CLOSE_SHORT,2689.73,-1.670794,84570.99,0.057404,21.14,15036.68,2.4,ACTIVE
2026-09-30 18:48:13,FN_Stellar_A,FundedNext_Stellar_15k,OPEN_SHORT,2704.0,-1.66827,84563.73,0.060737,0.0,15036.68,2.4,ACTIVE
2026-09-30 18:48:13,FN_Stellar_A,FundedNext_Stellar_15k,CLOSE_SHORT,2685.06,-1.66827,83882.65,0.060737,-9.77,15026.91,1.8,ACTIVE
2026-09-30 18:48:13,FN_Stellar_A,FundedNext_Stellar_15k,OPEN_LONG,2676.25,1.684473,84016.33,-0.053202,0.0,15026.91,1.8,ACTIVE
2026-09-30 18:48:14,FN_Stellar_A,FundedNext_Stellar_15k,CLOSE_LONG,2704.52,1.684473,84475.27,-0.053202,23.2,15050.11,3.3,ACTIVE
2026-09-30 18:48:14,FN_Stellar_A,FundedNext_Stellar_15k,OPEN_SHORT,2704.52,-1.666866,84475.27,0.03417,0.0,15050.11,3.3,ACTIVE
2026-09-30 18:48:14,FN_Stellar_A,FundedNext_Stellar_15k,CLOSE_SHORT,2715.36,-1.666866,84934.07,0.03417,-2.39,15047.72,3.2,ACTIVE
2026-09-30 18:48:14,FN_Stellar_A,FundedNext_Stellar_15k,OPEN_LONG,2709.37,1.666186,85011.91,-0.047303,0.0,15047.72,3.2,ACTIVE
2026-09-30 18:48:14,FN_Stellar_A,FundedNext_Stellar_15k,CLOSE_LONG,2650.99,1.666186,83162.3,-0.047303,-9.78,15037.94,2.5,ACTIVE
2026-09-30 18:48:14,FN_Stellar_A,FundedNext_Stellar_15k,OPEN_SHORT,2655.13,-1.699119,82908.13,0.054461,0.0,15037.94,2.5,ACTIVE
2026-09-30 18:48:15,FN_Stellar_A,FundedNext_Stellar_15k,CLOSE_SHORT,2656.37,-1.699119,82947.34,0.054461,0.03,15037.97,2.5,ACTIVE
2026-09-30 18:48:15,FN_Stellar_A,FundedNext_Stellar_15k,OPEN_SHORT,2705.71,-1.667359,83976.0,0.03472,0.0,15037.97,2.5,ACTIVE
2026-09-30 18:48:15,FN_Stellar_A,FundedNext_Stellar_15k,CLOSE_SHORT,2688.99,-1.667359,83570.58,0.03472,13.8,15051.77,3.5,ACTIVE
2026-09-30 18:48:15,FN_Stellar_A,FundedNext_Stellar_15k,OPEN_LONG,2677.06,1.68675,83627.6,-0.081603,0.0,15051.77,3.5,ACTIVE
2026-09-30 18:48:15,FN_Stellar_A,FundedNext_Stellar_15k,CLOSE_LONG,2668.87,1.68675,83168.27,-0.081603,23.67,15075.44,5.0,ACTIVE
2026-09-30 18:48:15,FN_Stellar_A,FundedNext_Stellar_15k,OPEN_LONG,2694.26,1.678617,83883.36,-0.082118,0.0,15075.44,5.0,ACTIVE
2026-09-30 18:49:25,FN_Stellar_A,FundedNext_Stellar_15k,OPEN_SHORT,2676.18,-1.681501,83928.16,0.062809,0.0,15000.0,0.0,ACTIVE
2026-09-30 18:49:25,FN_Stellar_A,FundedNext_Stellar_15k,CLOSE_SHORT,2641.31,-1.681501,83241.98,0.062809,15.54,15015.54,1.0,ACTIVE
2026-09-30 18:49:25,FN_Stellar_A,FundedNext_Stellar_15k,OPEN_SHORT,2696.12,-1.670794,84388.71,0.057404,0.0,15015.54,1.0,ACTIVE
2026-09-30 18:49:25,FN_Stellar_A,FundedNext_Stellar_15k,CLOSE_SHORT,2689.73,-1.670794,84570.99,0.057404,21.14,15036.68,2.4,ACTIVE
2026-09-30 18:49:25,FN_Stellar_A,FundedNext_Stellar_15k,OPEN_SHORT,2704.0,-1.66827,84563.73,0.060737,0.0,15036.68,2.4,ACTIVE
2026-09-30 18:49:26,FN_Stellar_A,FundedNext_Stellar_15k,CLOSE_SHORT,2685.06,-1.66827,83882.65,0.060737,-9.77,15026.91,1.8,ACTIVE
2026-09-30 18:49:26,FN_Stellar_A,FundedNext_Stellar_15k,OPEN_LONG,2676.25,1.684473,84016.33,-0.053202,0.0,15026.91,1.8,ACTIVE
2026-09-30 18:49:27,FN_Stellar_A,FundedNext_Stellar_15k,CLOSE_LONG,2704.52,1.684473,84475.27,-0.053202,23.2,15050.11,3.3,ACTIVE
2026-09-30 18:49:27,FN_Stellar_A,FundedNext_Stellar_15k,OPEN_SHORT,2704.52,-1.666866,84475.27,0.03417,0.0,15050.11,3.3,ACTIVE
2026-09-30 18:49:27,FN_Stellar_A,FundedNext_Stellar_15k,CLOSE_SHORT,2715.36,-1.666866,84934.07,0.03417,-2.39,15047.72,3.2,ACTIVE
2026-09-30 18:49:27,FN_Stellar_A,FundedNext_Stellar_15k,OPEN_LONG,2709.37,1.666186,85011.91,-0.047303,0.0,15047.72,3.2,ACTIVE
2026-09-30 18:49:27,FN_Stellar_A,FundedNext_Stellar_15k,CLOSE_LONG,2650.99,1.666186,83162.3,-0.047303,-9.78,15037.94,2.5,ACTIVE
2026-09-30 18:49:27,FN_Stellar_A,FundedNext_Stellar_15k,OPEN_SHORT,2655.13,-1.699119,82908.13,0.054461,0.0,15037.94,2.5,ACTIVE
2026-09-30 18:49:28,FN_Stellar_A,FundedNext_Stellar_15k,CLOSE_SHORT,2656.37,-1.699119,82947.34,0.054461,0.03,15037.97,2.5,ACTIVE
2026-09-30 18:49:28,FN_Stellar_A,FundedNext_Stellar_15k,OPEN_SHORT,2705.71,-1.667359,83976.0,0.03472,0.0,15037.97,2.5,ACTIVE
2026-09-30 18:49:28,FN_Stellar_A,FundedNext_Stellar_15k,CLOSE_SHORT,2688.99,-1.667359,83570.58,0.03472,13.8,15051.77,3.5,ACTIVE
2026-09-30 18:49:28,FN_Stellar_A,FundedNext_Stellar_15k,OPEN_LONG,2677.06,1.68675,83627.6,-0.081603,0.0,15051.77,3.5,ACTIVE
2026-09-30 18:49:28,FN_Stellar_A,FundedNext_Stellar_15k,CLOSE_LONG,2668.87,1.68675,83168.27,-0.081603,23.67,15075.44,5.0,ACTIVE
2026-09-30 18:49:28,FN_Stellar_A,FundedNext_Stellar_15k,OPEN_LONG,2694.26,1.678617,83883.36,-0.082118,0.0,15075.44,5.0,ACTIVE
